{
	"version": "0.0.0",
	"startTime": 1936850944,
	"pidLoopFreq": 3200,
	"loopDivider": 2,
	"gyroRange": 250,
	"accelRange": 2,
	"rateFactors": {
		"roll": [100, 0, 200, 0, 800],
		"pitch": [100, 0, 200, 0, 800],
		"yaw": [100, 0, 200, 0, 800]
	},
	"pidConstants": {
		"roll": {
			"kP": 3.125,
			"kI": 0.00976562,
			"kD": 0.46875,
			"kFF": 1.5625,
			"kS": 0.0976562,
			"iFalloff": 0.997986
		},
		"pitch": {
			"kP": 3.125,
			"kI": 0.00976562,
			"kD": 0.46875,
			"kFF": 1.5625,
			"kS": 0.0976562,
			"iFalloff": 0.997986
		},
		"yaw": {
			"kP": 3.125,
			"kI": 0.00976562,
			"kD": 0.46875,
			"kFF": 1.5625,
			"kS": 0.0976562,
			"iFalloff": 0.997986
		}
	},
	"enabledFlags": [
		"LOG_MOTOR_OUTPUTS"
	],
	"data": {
		"motorOutputs": [
			[5, 3, 7, 1],
			[6, 0, 8, 2],
			[2, 4, 8, 2],
			[4, 2, 6, 4],
			[4095, 4095, 4095, 4095],
			[3, 7, 5, 1],
			[3, 5, 7, 1],
			[2, 2, 8, 4],
			[5, 3, 7, 1],
			[5, 3, 11, 5],
			[7, 3, 7, 7],
			[6, 4, 10, 4],
			[5, 1, 7, 3],
			[4, 2, 6, 4],
			[2, 2, 6, 6],
			[4095, 4095, 5, 5],
			[4, 0, 8, 4],
			[5, 3, 5, 3],
			[5, 1, 7, 3],
			[5, 1, 5, 5],
			[6, 6, 8, 4],
			[7, 3, 7, 7],
			[4, 2, 6, 4],
			[4095, 4095, 3, 3],
			[2, 2, 2, 2],
			[4095, 4094, 4, 2],
			[4095, 1, 5, 3],
			[4095, 4093, 7, 3],
			[2, 0, 6, 0],
			[3, 5, 7, 1],
			[4, 4, 6, 2],
			[2, 6, 6, 2],
			[3, 1, 9, 3],
			[5, 1, 7, 3],
			[6, 2, 6, 2],
			[5, 1, 5, 5],
			[5, 1, 7, 3],
			[5, 3, 3, 5],
			[3, 3, 7, 3],
			[5, 3, 5, 3],
			[5, 3, 3, 5],
			[4, 2, 6, 4],
			[5, 1, 9, 1],
			[8, 0, 6, 2],
			[11, 3, 9, 1],
			[12, 2, 8, 2],
			[12, 2, 8, 2],
			[7, 3, 11, 3],
			[7, 5, 9, 3],
			[11, 7, 9, 5],
			[6, 6, 14, 6],
			[6, 6, 8, 4],
			[5, 3, 7, 1],
			[2, 2, 6, 6],
			[1, 5, 7, 3],
			[2, 6, 8, 0],
			[3, 3, 9, 1],
			[7, 5, 9, 3],
			[7, 9, 11, 5],
			[6, 8, 14, 4],
			[8, 12, 10, 2],
			[7, 5, 7, 5],
			[4, 4, 8, 0],
			[6, 2, 8, 0],
			[1, 3, 11, 1],
			[6, 2, 4, 4],
			[6, 4, 4, 2],
			[4, 2, 6, 4],
			[8, 4, 6, 6],
			[7, 3, 9, 5],
			[8, 6, 8, 2],
			[6, 6, 8, 4],
			[7, 5, 7, 5],
			[4, 6, 10, 4],
			[4, 2, 12, 6],
			[1, 5, 7, 3],
			[7, 3, 5, 1],
			[4095, 4095, 4095, 4092],
			[4095, 4095, 4095, 4095],
			[4, 2, 10, 0],
			[2, 2, 8, 4],
			[6, 0, 6, 4],
			[6, 0, 6, 4],
			[3, 3, 7, 3],
			[2, 2, 8, 4],
			[6, 2, 6, 2],
			[4095, 4093, 11, 3],
			[7, 1, 5, 3],
			[5, 1, 5, 5],
			[4095, 4095, 4095, 4094],
			[4, 4, 12, 4],
			[7, 5, 9, 3],
			[9, 3, 7, 5],
			[6, 0, 6, 4],
			[4, 2, 6, 4],
			[4, 4, 6, 2],
			[4, 4, 6, 2],
			[5, 3, 5, 3],
			[5, 1, 7, 3],
			[7, 1, 7, 1],
			[7, 3, 11, 3],
			[7, 5, 11, 1],
			[4, 2, 14, 4],
			[4095, 4093, 11, 1],
			[3, 1, 9, 3],
			[5, 1, 9, 1],
			[2, 6, 8, 0],
			[2, 2, 10, 2],
			[5, 1, 7, 3],
			[4, 0, 8, 4],
			[6, 4, 8, 6],
			[6, 2, 8, 8],
			[6, 2, 4, 4],
			[4, 2, 6, 4],
			[6, 2, 6, 2],
			[3, 3, 7, 3],
			[2, 2, 8, 4],
			[5, 1, 5, 5],
			[5, 3, 3, 5],
			[5, 1, 9, 1],
			[6, 2, 14, 2],
			[7, 5, 9, 3],
			[8, 0, 8, 0],
			[4, 2, 8, 2],
			[1, 3, 11, 1],
			[3, 3, 7, 3],
			[5, 3, 7, 1],
			[4095, 4094, 8, 4],
			[5, 3, 5, 3],
			[5, 1, 7, 3],
			[2, 2, 8, 4],
			[2, 2, 8, 4],
			[5, 3, 9, 7],
			[11, 5, 9, 7],
			[9, 5, 11, 7],
			[6, 2, 12, 4],
			[6, 2, 10, 6],
			[7, 3, 11, 3],
			[5, 5, 9, 5],
			[7, 5, 9, 3],
			[4, 4, 6, 2],
			[7, 1, 7, 1],
			[3, 3, 5, 5],
			[4, 2, 6, 4],
			[2, 4, 6, 4],
			[2, 2, 8, 4],
			[6, 2, 8, 0],
			[5, 3, 7, 1],
			[3, 3, 7, 3],
			[6, 0, 6, 4],
			[5, 3, 7, 1],
			[7, 1, 11, 5],
			[8, 6, 12, 6],
			[8, 6, 16, 10],
			[12, 8, 12, 8],
			[11, 7, 9, 5],
			[7, 5, 7, 5],
			[5, 3, 7, 1],
			[2, 6, 8, 0],
			[2, 2, 10, 2],
			[5, 1, 9, 1],
			[5, 5, 5, 1],
			[2, 4, 8, 2],
			[3, 1, 11, 1],
			[6, 2, 6, 2],
			[5, 3, 5, 3],
			[6, 2, 4, 4],
			[6, 4, 10, 4],
			[7, 3, 9, 5],
			[8, 0, 6, 2],
			[2, 2, 10, 2],
			[4, 2, 8, 2],
			[2, 4, 8, 2],
			[4, 4, 6, 2],
			[5, 3, 7, 1],
			[3, 5, 7, 1],
			[4095, 4095, 4095, 4095],
			[4095, 4095, 4095, 4094],
			[1, 5, 9, 1],
			[4, 2, 8, 2],
			[4, 4, 8, 0],
			[4, 6, 12, 2],
			[10, 4, 10, 0],
			[4, 4, 10, 6],
			[7, 3, 11, 3],
			[6, 4, 10, 4],
			[3, 5, 9, 7],
			[7, 5, 9, 3],
			[4, 4, 14, 2],
			[7, 3, 7, 7],
			[7, 3, 9, 5],
			[6, 6, 8, 4],
			[6, 2, 12, 4],
			[6, 4, 10, 4],
			[6, 6, 10, 2],
			[4, 4, 12, 4],
			[3, 5, 13, 3],
			[5, 5, 11, 3],
			[5, 5, 9, 5],
			[8, 6, 12, 6],
			[9, 3, 11, 9],
			[9, 3, 9, 3],
			[4095, 4095, 4095, 4095],
			[4095, 4094, 10, 0],
			[4095, 4095, 4095, 4095],
			[4095, 4095, 4095, 4092],
			[4095, 4095, 4095, 4094],
			[4095, 4095, 4095, 4095],
			[4095, 4095, 7, 1],
			[4, 4, 6, 2],
			[2, 6, 8, 0],
			[3, 3, 9, 1],
			[5, 1, 9, 1],
			[2, 4, 10, 0],
			[4095, 3, 13, 1],
			[4, 2, 10, 0],
			[2, 4, 10, 0],
			[7, 5, 9, 3],
			[6, 6, 12, 8],
			[7, 7, 13, 5],
			[5, 7, 15, 5],
			[4, 4, 14, 2],
			[5, 3, 11, 5],
			[8, 4, 8, 4],
			[8, 2, 10, 4],
			[4, 2, 10, 0],
			[6, 2, 8, 0],
			[6, 2, 6, 2],
			[6, 2, 8, 0],
			[4095, 4095, 4095, 4093],
			[5, 1, 9, 1],
			[5, 1, 9, 1],
			[5, 1, 9, 1],
			[3, 5, 7, 1],
			[5, 3, 7, 1],
			[4095, 4095, 4095, 4093],
			[3, 3, 9, 1],
			[7, 1, 5, 3],
			[3, 1, 9, 3],
			[4, 2, 8, 2],
			[6, 4, 6, 0],
			[6, 0, 6, 4],
			[2, 2, 10, 2],
			[5, 1, 9, 1],
			[4, 0, 8, 4],
			[4, 2, 10, 0],
			[4, 2, 8, 2],
			[1, 3, 7, 5],
			[3, 1, 11, 1],
			[3, 3, 9, 1],
			[4, 2, 8, 2],
			[4, 2, 8, 2],
			[4095, 4095, 4095, 4095],
			[4095, 4095, 4095, 4094],
			[5, 5, 3, 3],
			[4, 4, 8, 8],
			[4, 4, 10, 6],
			[6, 4, 8, 6],
			[7, 5, 7, 5],
			[5, 5, 11, 3],
			[8, 4, 10, 2],
			[5, 3, 11, 5],
			[6, 2, 10, 6],
			[6, 2, 10, 6],
			[9, 5, 5, 5],
			[7, 1, 11, 5],
			[5, 5, 11, 3],
			[4, 2, 8, 2],
			[4, 2, 8, 2],
			[2, 4, 6, 4],
			[5, 3, 5, 3],
			[3, 1, 9, 3],
			[2, 0, 10, 4],
			[4, 0, 10, 2],
			[4095, 4095, 11, 1],
			[4, 2, 10, 0],
			[4, 0, 10, 2],
			[3, 1, 11, 9],
			[5, 1, 13, 5],
			[9, 5, 13, 5],
			[8, 6, 12, 6],
			[8, 4, 6, 6],
			[6, 6, 10, 2],
			[4, 6, 12, 2],
			[3, 5, 13, 3],
			[5, 3, 11, 5],
			[5, 3, 7, 1],
			[4095, 4095, 4095, 4095],
			[4095, 4095, 4095, 4095],
			[3, 5, 5, 3],
			[2, 2, 10, 2],
			[3, 1, 9, 3],
			[2, 0, 10, 4],
			[4, 2, 8, 2],
			[4, 2, 8, 2],
			[6, 2, 8, 0],
			[5, 3, 7, 1],
			[6, 4, 6, 0],
			[3, 1, 11, 1],
			[5, 1, 7, 3],
			[4, 2, 10, 0],
			[3, 3, 9, 1],
			[2, 2, 10, 2],
			[1, 5, 9, 1],
			[4, 4, 6, 2],
			[3, 3, 9, 1],
			[6, 2, 8, 0],
			[5, 3, 7, 1],
			[5, 1, 7, 3],
			[4, 4, 4, 4],
			[4, 0, 8, 4],
			[4, 2, 8, 2],
			[4, 2, 8, 2],
			[2, 0, 8, 6],
			[4, 2, 8, 2],
			[3, 1, 7, 5],
			[9, 5, 7, 3],
			[7, 5, 9, 3],
			[7, 5, 7, 5],
			[7, 3, 9, 5],
			[6, 2, 12, 4],
			[8, 6, 12, 6],
			[10, 6, 10, 6],
			[5, 3, 11, 5],
			[7, 3, 9, 5],
			[6, 6, 8, 4],
			[7, 3, 11, 3],
			[5, 3, 11, 5],
			[7, 1, 7, 1],
			[7, 1, 7, 1],
			[2, 2, 10, 2],
			[2, 2, 8, 4],
			[4, 0, 12, 0],
			[4095, 4095, 4095, 4095],
			[4095, 4095, 4095, 4095],
			[4095, 4095, 4095, 4094],
			[4095, 4095, 4095, 4092],
			[4095, 4095, 4095, 4092],
			[4095, 4095, 5, 1],
			[4, 0, 10, 2],
			[6, 2, 10, 6],
			[5, 3, 11, 5],
			[2, 2, 10, 2],
			[7, 1, 7, 1],
			[3, 3, 9, 1],
			[3, 3, 7, 3],
			[5, 1, 9, 1],
			[4, 4, 6, 2],
			[5, 1, 9, 1],
			[5, 5, 13, 1],
			[6, 6, 12, 0],
			[2, 6, 12, 4],
			[8, 4, 12, 0],
			[6, 4, 10, 4],
			[5, 5, 11, 3],
			[6, 6, 10, 2],
			[3, 5, 11, 5],
			[3, 3, 9, 1],
			[4, 0, 10, 2],
			[2, 0, 12, 2],
			[4, 0, 10, 2],
			[5, 1, 9, 1],
			[4095, 4095, 4095, 4095],
			[4095, 4095, 4095, 4095],
			[4095, 4095, 4095, 4095],
			[7, 7, 9, 1],
			[4095, 4095, 4095, 4093],
			[2, 2, 10, 2],
			[3, 3, 9, 1],
			[2, 2, 12, 0],
			[3, 1, 9, 3],
			[4, 2, 10, 0],
			[3, 3, 9, 1],
			[2, 2, 10, 2],
			[7, 3, 11, 3],
			[5, 5, 13, 1],
			[4, 4, 12, 4],
			[5, 1, 15, 3],
			[3, 3, 15, 3],
			[7, 5, 9, 3],
			[2, 4, 12, 6],
			[2, 0, 10, 4],
			[4095, 4095, 4095, 4095],
			[5, 1, 9, 1],
			[3, 1, 9, 3],
			[8, 0, 8, 0],
			[5, 3, 5, 3],
			[2, 2, 10, 2],
			[4, 2, 10, 0],
			[4095, 4095, 4095, 4095],
			[3, 3, 9, 1],
			[3, 3, 9, 1],
			[4, 2, 10, 0],
			[2, 4, 8, 2],
