{
	"version": "0.0.0",
	"startTime": 524290,
	"pidLoopFreq": 3200,
	"loopDivider": 2,
	"gyroRange": 250,
	"accelRange": 2,
	"rateFactors": {
		"roll": [100, 0, 200, 0, 800],
		"pitch": [100, 0, 200, 0, 800],
		"yaw": [100, 0, 200, 0, 800]
	},
	"pidConstants": {
		"roll": {
			"kP": 3.125,
			"kI": 0.00976562,
			"kD": 0.46875,
			"kFF": 1.5625,
			"kS": 0.0976562,
			"iFalloff": 0.997986
		},
		"pitch": {
			"kP": 3.125,
			"kI": 0.00976562,
			"kD": 0.46875,
			"kFF": 1.5625,
			"kS": 0.0976562,
			"iFalloff": 0.997986
		},
		"yaw": {
			"kP": 3.125,
			"kI": 0.00976562,
			"kD": 0.46875,
			"kFF": 1.5625,
			"kS": 0.0976562,
			"iFalloff": 0.997986
		}
	},
	"enabledFlags": [
		"LOG_MOTOR_OUTPUTS"
	],
	"data": {
		"motorOutputs": [
			[10, 10, 12, 8],
			[13, 9, 9, 9],
			[11, 11, 9, 9],
			[9, 11, 11, 9],
			[8, 8, 12, 12],
			[10, 8, 14, 8],
			[11, 9, 11, 9],
			[11, 7, 15, 7],
			[10, 6, 16, 8],
			[12, 8, 12, 8],
			[13, 5, 11, 11],
			[12, 6, 10, 12],
			[9, 9, 13, 9],
			[12, 10, 8, 10],
			[11, 7, 11, 11],
			[8, 8, 12, 12],
			[10, 8, 10, 12],
			[10, 8, 12, 10],
			[9, 9, 13, 9],
			[10, 8, 14, 8],
			[11, 9, 11, 9],
			[8, 10, 12, 10],
			[11, 5, 13, 11],
			[11, 9, 15, 5],
			[10, 10, 14, 6],
			[12, 6, 14, 8],
			[8, 8, 14, 10],
			[13, 7, 11, 9],
			[13, 9, 11, 7],
			[11, 9, 11, 9],
			[11, 9, 13, 7],
			[12, 8, 12, 8],
			[10, 8, 12, 10],
			[9, 9, 13, 9],
			[11, 9, 11, 9],
			[10, 8, 12, 10],
			[7, 11, 11, 11],
			[11, 5, 13, 11],
			[10, 6, 14, 10],
			[12, 6, 12, 10],
			[10, 6, 12, 12],
			[8, 6, 14, 12],
			[10, 8, 14, 8],
			[12, 4, 18, 6],
			[11, 7, 11, 11],
			[11, 7, 13, 9],
			[10, 6, 14, 10],
			[9, 7, 11, 13],
			[12, 8, 12, 8],
			[8, 8, 14, 10],
			[10, 10, 10, 10],
			[9, 13, 9, 9],
			[7, 11, 13, 9],
			[6, 10, 12, 4],
			[10, 8, 10, 4],
			[10, 8, 12, 2],
			[6, 8, 12, 6],
			[9, 7, 13, 3],
			[8, 8, 10, 6],
			[7, 7, 13, 5],
			[13, 7, 15, 5],
			[11, 7, 15, 7],
			[11, 7, 11, 11],
			[13, 5, 13, 9],
			[12, 4, 12, 12],
			[11, 11, 11, 7],
			[12, 6, 14, 8],
			[11, 9, 9, 11],
			[8, 8, 12, 12],
			[8, 8, 14, 10],
			[8, 10, 8, 14],
			[8, 12, 10, 10],
			[9, 9, 9, 13],
			[7, 7, 13, 13],
			[9, 9, 11, 11],
			[11, 9, 11, 9],
			[6, 8, 16, 10],
			[10, 8, 12, 10],
			[9, 9, 13, 9],
			[10, 10, 14, 6],
			[12, 8, 14, 6],
			[10, 8, 14, 8],
			[12, 10, 14, 4],
			[12, 10, 12, 6],
			[12, 8, 14, 6],
			[13, 7, 15, 5],
			[11, 7, 13, 9],
			[15, 7, 11, 7],
			[13, 9, 11, 7],
			[9, 9, 15, 7],
			[12, 6, 12, 10],
			[10, 8, 12, 10],
			[9, 11, 11, 9],
			[11, 9, 9, 11],
			[8, 8, 14, 10],
			[10, 8, 10, 12],
			[7, 11, 11, 11],
			[6, 10, 12, 12],
			[9, 9, 13, 9],
			[8, 6, 14, 12],
			[11, 9, 11, 9],
			[6, 10, 16, 8],
			[6, 10, 16, 8],
			[8, 10, 12, 10],
			[10, 10, 10, 10],
			[10, 10, 14, 6],
			[11, 9, 13, 7],
			[13, 9, 13, 5],
			[12, 6, 14, 8],
			[14, 8, 12, 6],
			[13, 7, 13, 7],
			[10, 8, 12, 10],
			[11, 7, 13, 9],
			[10, 8, 14, 8],
			[11, 9, 13, 7],
			[10, 6, 14, 10],
			[11, 7, 13, 9],
			[10, 8, 14, 8],
			[12, 6, 12, 10],
			[10, 8, 12, 10],
			[11, 9, 13, 7],
			[8, 8, 12, 12],
			[8, 8, 12, 12],
			[6, 8, 14, 12],
			[9, 7, 13, 11],
			[7, 9, 13, 11],
			[9, 9, 11, 11],
			[9, 7, 13, 11],
			[7, 9, 15, 9],
			[8, 8, 14, 10],
			[10, 8, 14, 8],
			[9, 9, 13, 9],
			[12, 4, 14, 10],
			[12, 8, 10, 10],
			[10, 8, 14, 8],
			[12, 6, 14, 8],
			[10, 10, 10, 10],
			[9, 7, 11, 5],
			[6, 4, 10, 4],
			[8, 4, 8, 4],
			[7, 3, 9, 5],
			[6, 6, 8, 4],
			[7, 3, 7, 7],
			[8, 4, 8, 4],
			[9, 1, 11, 3],
			[4, 6, 8, 6],
			[5, 5, 9, 5],
			[10, 8, 14, 8],
			[11, 9, 15, 13],
			[12, 10, 18, 16],
			[12, 12, 16, 16],
			[13, 9, 17, 17],
			[12, 10, 18, 16],
			[14, 14, 16, 12],
			[12, 14, 16, 14],
			[15, 11, 17, 13],
			[10, 6, 18, 14],
			[11, 7, 15, 7],
			[11, 11, 11, 7],
			[11, 9, 13, 7],
			[11, 7, 13, 9],
			[14, 8, 10, 8],
			[12, 6, 12, 10],
			[11, 5, 15, 9],
			[10, 8, 14, 8],
			[9, 7, 15, 9],
			[11, 5, 13, 11],
			[10, 8, 14, 8],
			[10, 8, 16, 6],
			[12, 6, 12, 10],
			[9, 9, 15, 7],
			[7, 11, 13, 9],
			[9, 9, 13, 9],
			[11, 7, 13, 9],
			[10, 8, 12, 10],
			[8, 10, 12, 10],
			[9, 9, 13, 9],
			[9, 9, 13, 9],
			[8, 8, 14, 10],
			[11, 7, 11, 11],
			[10, 8, 12, 10],
			[10, 6, 14, 10],
			[10, 6, 14, 10],
			[8, 8, 14, 10],
			[10, 8, 12, 10],
			[5, 11, 15, 9],
			[8, 10, 14, 8],
			[7, 9, 15, 9],
			[11, 7, 17, 5],
			[11, 9, 13, 7],
			[10, 10, 14, 6],
			[11, 9, 13, 7],
			[9, 9, 15, 7],
			[9, 9, 11, 11],
			[12, 8, 12, 8],
			[9, 7, 15, 9],
			[11, 7, 11, 11],
			[10, 10, 12, 8],
			[10, 8, 14, 8],
			[12, 8, 12, 8],
			[10, 8, 14, 8],
			[9, 5, 13, 5],
			[6, 4, 10, 4],
			[4, 4, 12, 4],
			[3, 5, 13, 3],
			[3, 7, 11, 3],
			[6, 4, 10, 4],
			[8, 4, 14, 6],
			[13, 5, 15, 7],
			[11, 5, 15, 9],
			[9, 9, 15, 7],
			[9, 7, 15, 9],
			[9, 9, 13, 9],
			[11, 7, 11, 11],
			[9, 7, 15, 9],
			[11, 9, 11, 9],
			[13, 9, 9, 9],
			[10, 8, 12, 10],
			[13, 7, 13, 7],
			[11, 9, 11, 9],
			[10, 10, 12, 8],
			[11, 7, 15, 7],
			[9, 7, 17, 7],
			[6, 8, 16, 10],
			[10, 6, 18, 6],
			[10, 10, 10, 10],
			[12, 6, 12, 10],
			[11, 7, 13, 9],
			[9, 9, 13, 9],
			[8, 8, 14, 10],
			[6, 10, 14, 10],
			[10, 8, 14, 8],
			[8, 10, 12, 10],
			[8, 8, 16, 8],
			[9, 9, 13, 9],
			[8, 10, 16, 6],
			[4, 10, 14, 12],
			[10, 10, 14, 6],
			[9, 9, 11, 11],
			[11, 7, 13, 9],
			[10, 8, 14, 8],
			[9, 9, 11, 11],
			[11, 7, 15, 7],
			[12, 6, 14, 8],
			[9, 7, 15, 9],
			[11, 7, 13, 9],
			[10, 10, 12, 8],
			[9, 7, 13, 11],
			[11, 11, 17, 9],
			[10, 10, 18, 10],
			[11, 15, 17, 13],
			[14, 14, 16, 12],
			[12, 10, 16, 10],
			[12, 8, 12, 8],
			[9, 9, 11, 11],
			[10, 8, 14, 8],
			[11, 7, 13, 9],
			[9, 7, 15, 9],
			[14, 6, 14, 6],
			[11, 5, 15, 9],
			[12, 6, 14, 8],
			[10, 8, 14, 8],
			[14, 6, 14, 6],
			[10, 8, 16, 6],
			[12, 8, 14, 6],
			[12, 8, 14, 6],
			[10, 8, 16, 6],
			[10, 10, 12, 8],
			[10, 8, 14, 8],
			[6, 8, 16, 10],
			[8, 8, 16, 8],
			[8, 10, 14, 8],
			[9, 9, 13, 9],
			[12, 6, 12, 10],
			[8, 8, 14, 10],
			[13, 5, 11, 11],
			[11, 7, 13, 9],
			[8, 8, 14, 10],
			[9, 7, 13, 11],
			[9, 9, 13, 9],
			[10, 8, 12, 10],
			[10, 10, 12, 8],
			[9, 7, 15, 9],
			[9, 9, 13, 9],
			[8, 10, 12, 10],
			[10, 6, 16, 8],
			[12, 8, 12, 8],
			[12, 8, 10, 10],
			[8, 6, 16, 10],
			[8, 6, 10, 8],
			[6, 6, 12, 8],
			[7, 11, 9, 5],
			[5, 9, 13, 5],
			[7, 7, 11, 7],
			[7, 5, 11, 9],
			[8, 6, 12, 6],
			[12, 8, 16, 4],
			[11, 7, 13, 9],
			[11, 7, 11, 11],
			[11, 9, 15, 5],
			[8, 8, 14, 10],
			[10, 8, 10, 12],
			[13, 7, 11, 9],
			[9, 11, 9, 11],
			[9, 11, 13, 7],
			[9, 7, 15, 9],
			[8, 10, 14, 8],
			[10, 8, 12, 10],
			[12, 8, 12, 8],
			[12, 8, 10, 10],
			[9, 7, 15, 9],
			[11, 7, 13, 9],
			[13, 9, 9, 9],
			[8, 8, 14, 10],
			[9, 9, 13, 9],
			[8, 6, 16, 10],
			[11, 5, 15, 9],
			[11, 9, 13, 7],
			[10, 8, 14, 8],
			[10, 8, 14, 8],
			[10, 8, 14, 8],
			[8, 10, 12, 10],
			[7, 9, 15, 9],
			[9, 7, 15, 9],
			[9, 9, 13, 9],
			[11, 9, 11, 9],
			[10, 8, 12, 10],
			[10, 6, 14, 10],
			[9, 9, 13, 9],
			[9, 9, 15, 7],
			[12, 8, 10, 10],
			[11, 7, 13, 9],
			[10, 6, 14, 10],
			[11, 7, 15, 7],
			[11, 7, 13, 9],
			[10, 8, 14, 8],
			[11, 11, 15, 11],
			[10, 10, 18, 10],
			[12, 14, 16, 14],
			[13, 11, 19, 13],
			[12, 8, 16, 12],
			[11, 7, 11, 11],
			[8, 10, 14, 8],
			[10, 8, 12, 10],
			[9, 9, 13, 9],
			[10, 8, 14, 8],
			[11, 7, 13, 9],
			[10, 8, 14, 8],
			[12, 6, 14, 8],
			[11, 9, 13, 7],
			[11, 11, 11, 7],
			[8, 10, 16, 6],
			[9, 9, 17, 5],
			[10, 8, 12, 10],
			[9, 9, 13, 9],
			[11, 9, 13, 7],
			[12, 8, 12, 8],
			[9, 7, 15, 9],
			[12, 6, 14, 8],
			[8, 6, 18, 8],
			[11, 7, 13, 9],
			[10, 12, 12, 6],
			[8, 8, 16, 8],
			[12, 8, 12, 8],
			[9, 7, 17, 7],
			[9, 7, 13, 11],
			[9, 7, 13, 11],
			[7, 7, 17, 9],
			[8, 8, 14, 10],
			[12, 6, 12, 10],
			[9, 7, 13, 11],
			[10, 6, 14, 10],
			[6, 10, 14, 10],
			[9, 7, 13, 11],
			[7, 7, 15, 11],
			[12, 8, 12, 8],
			[11, 7, 13, 9],
			[11, 9, 13, 7],
			[11, 11, 11, 7],
